{
 "node_name": "orin",
 "team_number": 4646,
 "intrinsics": [
  961.5755,
  0,
  799.30634,
  0,
  961.95386,
  655.9562,
  0,
  0,
  1
 ],
 "dist_coeffs": [
  18.268534,
  23.95782,
  0.00069097686,
  -0.00024294594,
  7.0509567,
  18.123951,
  20.979092,
  8.523727,
  0,
  0,
  0,
  0,
  0,
  0
 ],
 "fixed_extrinsics": {
   "data": [
      -0.087155742747657944,                     0,  -0.99619469809174555,  -0.18440000000000001,
       -0.99619469809174555,                     0,  0.087155742747657944,  -0.23330000000000001,
                          0,                     1,                     0,   0.40670000000000001,
                          0,                     0,                     0,                     1
   ]
 },
 "calibration_timestamp": 1739821698735995054,
 "camera_id": "25-11",
 "camera_number": 2,
 "reprojection_error": 0.6896566
}
