{
 "node_name": "orin",
 "team_number": 4646,
 "intrinsics": [
  952.64954,
  0,
  799.47327,
  0,
  952.48846,
  640.2091,
  0,
  0,
  1
 ],
 "dist_coeffs": [
  16.360653,
  28.882946,
  -0.00010862263,
  0.00016554401,
  5.5396423,
  16.215307,
  25.973186,
  6.678524,
  0,
  0,
  0,
  0,
  0,
  0
 ],
 "fixed_extrinsics": {
   "data": [
                         0,  0.25881904510252074,  0.96592582628906831,                -0.12,
                         1,                    0,                    0,  0.13300000000000001,
                         0,  0.96592582628906831, -0.25881904510252074,  0.70999999999999996,
                         0,                    0,                    0,                    1
   ]
 },
 "calibration_timestamp": 1739820930562058258,
 "camera_id": "25-13",
 "camera_number": 0,
 "reprojection_error": 0.63366634
}
