{
 "node_name": "orin",
 "team_number": 4646,
 "intrinsics": [
  1997.4701,
  0,
  810.70465,
  0,
  1996.4478,
  723.0485,
  0,
  0,
  1
 ],
 "dist_coeffs": [
  65.20865,
  47.763515,
  0.00051146187,
  -0.0007259112,
  -45.68743,
  65.19751,
  39.151943,
  -32.7728,
  0,
  0,
  0,
  0,
  0,
  0
 ],
 "calibration_timestamp": 1738560324679382084,
 "camera_id": "25-02",
 "camera_number": 1,
 "reprojection_error": 0.38259074
}
