{
 "node_name": "orin",
 "team_number": 4646,
 "intrinsics": [
  1022.2208,
  0,
  771.2888,
  0,
  1022.1995,
  673.2005,
  0,
  0,
  1
 ],
 "fixed_extrinsics": {
  "data": [
   -0.56058425,
   0.062328614,
   0.8257484,
   0.13516578,
   0.8273894,
   0.00093223766,
   0.5616279,
   -0.27465057,
   0.034235694,
   0.9980552,
   -0.05209263,
   0.9783288,
   0,
   0,
   0,
   1
  ]
 },
 "dist_coeffs": [
  0.5422426,
  -3.7359388,
  0.0008388586,
  -0.0021705164,
  2.2329602,
  0.31500557,
  -3.2467437,
  1.9656217,
  0,
  0,
  0,
  0,
  0,
  0
 ],
 "calibration_timestamp": 1741222337692570286,
 "camera_id": "25-09",
 "camera_number": 2,
 "reprojection_error": 0.76931727
}