{
 "node_name": "orin",
 "team_number": 4646,
 "intrinsics": [
  1022.2208,
  0,
  771.2888,
  0,
  1022.1995,
  673.2005,
  0,
  0,
  1
 ],
 "fixed_extrinsics": {
  "data": [
   -0.57186663,
   -0.111354046,
   0.8127538,
   0.11143217,
   0.8198834,
   -0.04429325,
   0.5708146,
   -0.2576591,
   -0.027563008,
   0.9927932,
   0.116627164,
   0.9974207,
   0,
   0,
   0,
   1
  ]
 },
 "dist_coeffs": [
  0.5422426,
  -3.7359388,
  0.0008388586,
  -0.0021705164,
  2.2329602,
  0.31500557,
  -3.2467437,
  1.9656217,
  0,
  0,
  0,
  0,
  0,
  0
 ],
 "calibration_timestamp": 1741304224499387712,
 "camera_id": "25-09",
 "camera_number": 2,
 "reprojection_error": 0.76931727
}