{
 "node_name": "orin1",
 "team_number": 4646,
 "intrinsics": [
  953.19403,
  0,
  757.16064,
  0,
  952.8094,
  661.70276,
  0,
  0,
  1
 ],
 "dist_coeffs": [
  2.158996,
  5.9734836,
  -0.0003116761,
  0.00026830204,
  -2.3554516,
  2.003847,
  5.694618,
  -2.1539667,
  0,
  0,
  0,
  0,
  0,
  0
 ],
 "calibration_timestamp": 1739905716606333916,
 "camera_id": "25-12",
 "camera_number": 0,
 "reprojection_error": 0.55189216
}