{
 "node_name": "orin",
 "team_number": 4646,
 "intrinsics": [
  955.0235,
  0,
  817.5628,
  0,
  954.7449,
  689.2771,
  0,
  0,
  1
 ],
 "dist_coeffs": [
  3.5241263,
  7.4180417,
  -0.0001510357,
  -0.00029236104,
  -4.2666397,
  3.3575966,
  6.932604,
  -3.8853855,
  0,
  0,
  0,
  0,
  0,
  0
 ],
 "fixed_extrinsics": {
   "data": [
       0.58778525229247314,                    0,  0.80901699437494745, -0.17699999999999999,
       0.80901699437494745,                    0, -0.58778525229247314,               -0.317,
                         0,                    1,                    0,  0.95899999999999996,
                         0,                    0,                    0,                    1
   ]
 },
 "calibration_timestamp": 1739821990503475230,
 "camera_id": "25-10",
 "camera_number": 3,
 "reprojection_error": 0.45600352
}
