{
 "node_name": "orin",
 "team_number": 4646,
 "intrinsics": [
  1022.2208,
  0,
  771.2888,
  0,
  1022.1995,
  673.2005,
  0,
  0,
  1
 ],
 "fixed_extrinsics": {
  "data": [
   -0.56871986,
   -0.10623602,
   0.8156419,
   0.10557828,
   0.8218745,
   -0.03377475,
   0.5686665,
   -0.25711372,
   -0.032864768,
   0.99376714,
   0.10652104,
   1.0056256,
   0,
   0,
   0,
   1
  ]
 },
 "dist_coeffs": [
  0.5422426,
  -3.7359388,
  0.0008388586,
  -0.0021705164,
  2.2329602,
  0.31500557,
  -3.2467437,
  1.9656217,
  0,
  0,
  0,
  0,
  0,
  0
 ],
 "calibration_timestamp": 1741283189266884661,
 "camera_id": "25-09",
 "camera_number": 2,
 "reprojection_error": 0.76931727
}