{
 "node_name": "orin",
 "team_number": 4646,
 "intrinsics": [
  955.0235,
  0,
  817.5628,
  0,
  954.7449,
  689.2771,
  0,
  0,
  1
 ],
 "fixed_extrinsics": {
  "data": [
   0.6221268,
   -0.1385172,
   0.7705655,
   0.1278021,
   0.7767982,
   -0.013595948,
   -0.62960285,
   -0.30865282,
   0.09768739,
   0.9902667,
   0.0991415,
   0.98675513,
   0,
   0,
   0,
   1
  ]
 },
 "dist_coeffs": [
  3.5241263,
  7.4180417,
  -0.0001510357,
  -0.00029236104,
  -4.2666397,
  3.3575966,
  6.932604,
  -3.8853855,
  0,
  0,
  0,
  0,
  0,
  0
 ],
 "calibration_timestamp": 1741283189267302793,
 "camera_id": "25-10",
 "camera_number": 3,
 "reprojection_error": 0.45600352
}