{
 "node_name": "orin",
 "team_number": 4646,
 "intrinsics": [
  1997.178,
  0,
  833.0752,
  0,
  1997.3777,
  701.9408,
  0,
  0,
  1
 ],
 "dist_coeffs": [
  4.1762586,
  41.195652,
  -0.0012514724,
  0.0002330221,
  -45.62569,
  4.116045,
  40.066143,
  -44.51318,
  0,
  0,
  0,
  0,
  0,
  0
 ],
 "calibration_timestamp": 1738558953023125154,
 "camera_id": "25-01",
 "camera_number": 0,
 "reprojection_error": 0.41873333
}
