{
 "node_name": "orin1",
 "team_number": 4646,
 "intrinsics": [
  1975.3914,
  0,
  845.55774,
  0,
  1974.9246,
  714.27136,
  0,
  0,
  1
 ],
 "dist_coeffs": [
  4.9640107,
  28.203037,
  0.0017149766,
  0.0028228099,
  -7.03876,
  4.8832226,
  27.268967,
  -6.7799025,
  0,
  0,
  0,
  0,
  0,
  0
 ],
 "calibration_timestamp": 1741280928754949431,
 "camera_id": "25-01",
 "camera_number": 0,
 "reprojection_error": 0.54337317
}