{
 "node_name": "orin",
 "team_number": 4646,
 "intrinsics": [
  955.0235,
  0,
  817.5628,
  0,
  954.7449,
  689.2771,
  0,
  0,
  1
 ],
 "fixed_extrinsics": {
  "data": [
   0.62750405,
   0.076265864,
   0.77486914,
   0.19958688,
   0.77747965,
   -0.007690978,
   -0.62886107,
   -0.29656857,
   -0.042001136,
   0.99705786,
   -0.064121276,
   0.996571,
   0,
   0,
   0,
   1
  ]
 },
 "dist_coeffs": [
  3.5241263,
  7.4180417,
  -0.0001510357,
  -0.00029236104,
  -4.2666397,
  3.3575966,
  6.932604,
  -3.8853855,
  0,
  0,
  0,
  0,
  0,
  0
 ],
 "calibration_timestamp": 1741222337692803839,
 "camera_id": "25-10",
 "camera_number": 3,
 "reprojection_error": 0.45600352
}