{
 "node_name": "orin",
 "team_number": 4646,
 "intrinsics": [
  953.19403,
  0,
  757.16064,
  0,
  952.8094,
  661.70276,
  0,
  0,
  1
 ],
 "dist_coeffs": [
  2.158996,
  5.9734836,
  -0.0003116761,
  0.00026830204,
  -2.3554516,
  2.003847,
  5.694618,
  -2.1539667,
  0,
  0,
  0,
  0,
  0,
  0
 ],
 "fixed_extrinsics": {
   "data": [
      -1.2246467991473532e-16,     0.46947156278589081,    -0.88294759285892699,                    0.12,
                           -1, -5.7493684665644683e-17,  1.0812989434095454e-16,    -0.26400000000000001,
                            0,     0.88294759285892699,     0.46947156278589081,      1.0309999999999999,
                            0,                       0,                       0,                       1
   ]
 },
 "calibration_timestamp": 1739905716606333916,
 "camera_id": "25-12",
 "camera_number": 1,
 "reprojection_error": 0.55189216
}
