{
 "node_name": "orin1",
 "team_number": 4646,
 "intrinsics": [
  955.0235,
  0,
  817.5628,
  0,
  954.7449,
  689.2771,
  0,
  0,
  1
 ],
 "dist_coeffs": [
  3.5241263,
  7.4180417,
  -0.0001510357,
  -0.00029236104,
  -4.2666397,
  3.3575966,
  6.932604,
  -3.8853855,
  0,
  0,
  0,
  0,
  0,
  0
 ],
 "calibration_timestamp": 1739821990503475230,
 "camera_id": "25-10",
 "camera_number": 0,
 "reprojection_error": 0.45600352
}