{
 "node_name": "orin1",
 "team_number": 4646,
 "intrinsics": [
  952.64954,
  0,
  799.47327,
  0,
  952.48846,
  640.2091,
  0,
  0,
  1
 ],
 "dist_coeffs": [
  16.360653,
  28.882946,
  -0.00010862263,
  0.00016554401,
  5.5396423,
  16.215307,
  25.973186,
  6.678524,
  0,
  0,
  0,
  0,
  0,
  0
 ],
 "calibration_timestamp": 1739820930562058258,
 "camera_id": "25-13",
 "camera_number": 0,
 "reprojection_error": 0.63366634
}