{
 "node_name": "orin1",
 "team_number": 4646,
 "intrinsics": [
  1982.7693,
  0,
  830.44244,
  0,
  1982.7046,
  706.246,
  0,
  0,
  1
 ],
 "dist_coeffs": [
  7.6682515,
  2.6351645,
  0.00067977444,
  0.0007673749,
  -43.46577,
  7.622665,
  1.1053517,
  -39.126766,
  0,
  0,
  0,
  0,
  0,
  0
 ],
 "calibration_timestamp": 1741275159576379635,
 "camera_id": "25-01",
 "camera_number": 0,
 "reprojection_error": 0.74306697
}