{
 "node_name": "orin",
 "team_number": 4646,
 "intrinsics": [
  951.5776,
  0,
  795.4116,
  0,
  951.30725,
  694.18787,
  0,
  0,
  1
 ],
 "dist_coeffs": [
  37.090446,
  59.43581,
  -0.0007092987,
  -0.00015797441,
  5.8883457,
  36.941456,
  52.691902,
  9.045341,
  0,
  0,
  0,
  0,
  0,
  0
 ],
 "fixed_extrinsics": {
   "data": [
      -0.25881904510252068,                    0,  0.96592582628906831,               0.1832,
       0.96592582628906831,                    0,  0.25881904510252068, -0.22189999999999999,
                         0,                    1,                    0,  0.40739999999999998,
                         0,                    0,                    0,                    1
   ]
 },
 "calibration_timestamp": 1739821347044933440,
 "camera_id": "25-08",
 "camera_number": 1,
 "reprojection_error": 0.5351451
}
