{
 "node_name": "orin",
 "team_number": 4646,
 "intrinsics": [
  957.48346,
  0,
  778.72394,
  0,
  957.3993,
  628.59955,
  0,
  0,
  1
 ],
 "dist_coeffs": [
  14.946887,
  21.288757,
  0.00048430284,
  0.00064143946,
  19.788067,
  14.776229,
  18.951693,
  20.182613,
  0,
  0,
  0,
  0,
  0,
  0
 ],
 "fixed_extrinsics": {
   "data": [
                         0,  0.25881904510252074,  0.96592582628906831,                -0.12,
                         1,                    0,                    0,  0.13300000000000001,
                         0,  0.96592582628906831, -0.25881904510252074,  0.70999999999999996,
                         0,                    0,                    0,                    1
   ]
 },
 "calibration_timestamp": 1739906619144496003,
 "camera_id": "25-07",
 "camera_number": 0,
 "reprojection_error": 0.574674
}
