{
 "node_name": "orin",
 "team_number": 4646,
 "intrinsics": [
  952.78253,
  0,
  775.9131,
  0,
  952.244,
  653.11554,
  0,
  0,
  1
 ],
 "dist_coeffs": [
  13.812161,
  12.187953,
  -0.00017883087,
  -0.0010506412,
  32.70107,
  13.615534,
  10.333896,
  32.60905,
  0,
  0,
  0,
  0,
  0,
  0
 ],
 "fixed_extrinsics": {
   "data": [
       0.93969262078590832,                    0,  0.34202014332566882, -0.15939999999999999,
       0.34202014332566882,                    0, -0.93969262078590832, -0.29260000000000003,
                         0,                    1,                    0,  0.76300000000000001,
                         0,                    0,                    0,                    1
   ]
 },
 "calibration_timestamp": 1739819604462195551,
 "camera_id": "25-06",
 "camera_number": 3,
 "reprojection_error": 0.38389894
}
