{
 "node_name": "orin1",
 "team_number": 4646,
 "intrinsics": [
  1022.2208,
  0,
  771.2888,
  0,
  1022.1995,
  673.2005,
  0,
  0,
  1
 ],
 "dist_coeffs": [
  0.5422426,
  -3.7359388,
  0.0008388586,
  -0.0021705164,
  2.2329602,
  0.31500557,
  -3.2467437,
  1.9656217,
  0,
  0,
  0,
  0,
  0,
  0
 ],
 "calibration_timestamp": 1739820325464286945,
 "camera_id": "25-09",
 "camera_number": 0,
 "reprojection_error": 0.76931727
}