{
 "node_name": "orin",
 "team_number": 4646,
 "intrinsics": [
  955.0235,
  0,
  817.5628,
  0,
  954.7449,
  689.2771,
  0,
  0,
  1
 ],
 "fixed_extrinsics": {
  "data": [
   0.597956,
   -0.11595554,
   0.793097,
   0.14035423,
   0.79603,
   -0.029794408,
   -0.6045234,
   -0.3321328,
   0.0937277,
   0.99280745,
   0.07448834,
   0.9949623,
   0,
   0,
   0,
   1
  ]
 },
 "dist_coeffs": [
  3.5241263,
  7.4180417,
  -0.0001510357,
  -0.00029236104,
  -4.2666397,
  3.3575966,
  6.932604,
  -3.8853855,
  0,
  0,
  0,
  0,
  0,
  0
 ],
 "calibration_timestamp": 1741304224508382379,
 "camera_id": "25-10",
 "camera_number": 3,
 "reprojection_error": 0.45600352
}