{
 "node_name": "orin",
 "team_number": 4646,
 "intrinsics": [
  954.6653,
  0,
  774.67444,
  0,
  954.8966,
  655.719,
  0,
  0,
  1
 ],
 "dist_coeffs": [
  17.105814,
  29.996597,
  -0.00014074666,
  -0.00034349502,
  9.195428,
  16.951256,
  27.01275,
  10.231316,
  0,
  0,
  0,
  0,
  0,
  0
 ],
 "fixed_extrinsics": {
   "data": [
      -0.98480775301220802,                    0, -0.17364817766693033,  0.16869999999999999,
      -0.17364817766693033,                    0,  0.98480775301220802, -0.21560000000000001,
                         0,                    1,                    0,  0.79790000000000005,
                         0,                    0,                    0,                    1
   ]
 },
 "calibration_timestamp": 1739905505031996127,
 "camera_id": "25-05",
 "camera_number": 0,
 "reprojection_error": 0.57356673
}
